{"0": {"0": 0.0, "1": 0.1789151568799219, "2": 0.7294408141241117}, "1": {"0": 2.363413601161665e-07, "1": 0.2234697507411917, "2": 0.45159434899389495, "3": 0.48334411436551283}, "2": {"0": 0.0, "1": 0.22619828782990536, "2": 0.5662554795382944, "3": 0.6729129467651853, "4": 0.7295606370356443, "5": 0.7470637475876121}, "3": {"0": 1.6711857841299318e-07, "1": 0.2351075819537736, "2": 0.30328490658683577, "3": 0.5952791264653172, "4": 0.63062147356626, "5": 0.6599622623202873, "6": 0.6773157544684485}, "4": {"0": 2.0467762182556651e-07, "1": 0.23558606704047336, "2": 0.4491224146013473, "3": 0.4757032349793845}, "5": {"0": 0.0, "1": 0.29815530479088825, "2": 0.4509140006403124, "3": 0.6893651450250139}, "6": {"0": 0.0, "1": 0.3114680524430998, "2": 0.33269096281896865, "3": 0.6316059442260092, "4": 0.6651823289538213, "5": 0.6867061969832425, "6": 0.7329100112155394}, "7": {"0": 1.6711857841299318e-07, "1": 0.3380598360114335, "2": 0.6931462645543136}, "8": {"0": 0.0, "1": 0.356803301101114, "2": 0.4086403806042343, "3": 0.6054640615024452, "4": 0.6193049832963017}, "9": {"0": 0.0, "1": 0.3740728550775929, "2": 0.47276879809577094, "3": 0.6801822444364808}, "10": {"0": 0.0, "1": 0.3849450434928093, "2": 0.38776960873535227, "3": 0.5386751332209432, "4": 0.6859413397712814}, "11": {"0": 0.0, "1": 0.3877152644606559, "2": 0.533228582028502}, "12": {"0": 1.1817068005808326e-07, "1": 0.6506304336492564, "2": 0.708479094237691}, "13": {"0": 0.0, "1": 0.42684052106832654, "2": 0.5507087578674004, "3": 0.7332839319401399}, "14": {"0": 0.0, "1": 0.4493211420667589, "2": 0.517490603853396, "3": 0.5181941485504187, "4": 0.5318116104395214}}