{"0": {"0": 1.181135099177552e-07, "1": 0.30499205057260415, "2": 0.4121399006325595, "3": 0.4727719945071739}, "1": {"0": 1.181135099177552e-07, "1": 0.3506683329298544, "2": 0.482475002036007, "3": 0.6065511609951286}, "2": {"0": 0.0, "1": 0.5289429221367785, "2": 0.7908529045494724}, "3": {"0": 1.181135099177552e-07, "1": 0.6386382936715694, "2": 0.7248297778344426, "3": 0.7687559180738277}}