{"0": {"0": 0.0, "1": 0.20880793987891236, "2": 0.5391804576036244, "3": 0.5618806673458444, "4": 0.620521267187448}, "1": {"0": 0.0, "1": 0.3572357271795499, "2": 0.6419253837269062}, "2": {"0": 0.0, "1": 0.49365668402340585, "2": 0.6288472156534571}, "3": {"0": 0.0, "1": 0.5461651228417537, "2": 0.6319990298872082}, "4": {"0": 0.0, "1": 0.569022901857367, "2": 0.6058182224720746}}