{"0": {"0": 0.0, "1": 0.15073060991892595, "2": 0.6283182799857879, "3": 0.6947151870509701}, "1": {"0": 1.2527829571888385e-07, "1": 0.3040239834448327, "2": 0.4747621211899195, "3": 0.49494851752758134, "4": 0.7102322111963303}, "2": {"0": 0.0, "1": 0.28146973343911696, "2": 0.508427088430101, "3": 0.714663355734197}, "3": {"0": 1.771702648766328e-07, "1": 0.31782537686929635, "2": 0.6645747701512804, "3": 0.733466908842051}, "4": {"0": 0.0, "1": 0.38138556521659844, "2": 0.5158708473677931, "3": 0.6034870333986143, "4": 0.6063983608736839}, "5": {"0": 1.2527829571888385e-07, "1": 0.3877493745967925, "2": 0.39170635761117356, "3": 0.5380183400174997, "4": 0.7418285634269672}, "6": {"0": 0.0, "1": 0.40557364063884505, "2": 0.6125892198252115, "3": 0.6496150238014305, "4": 0.6592405720236757, "5": 0.6822335439533871, "6": 0.7443839707449197}, "7": {"0": 0.0, "1": 0.5368026130490265, "2": 0.6588275256563487}, "8": {"0": 0.0, "1": 0.5762839841228367, "2": 0.6855949439599393}, "9": {"0": 1.771702648766328e-07, "1": 0.6262133325529055, "2": 0.6315648043025963, "3": 0.7077712619067634}, "10": {"0": 1.771702648766328e-07, "1": 0.6555777030505047, "2": 0.6669411857475608}}