{"0": {"0": 0.0, "1": 0.13984149012650865, "2": 0.7249131716081376}, "1": {"0": 2.1698837327074539e-07, "1": 0.17510559326128003, "2": 0.3131933286988017, "3": 0.5893469619072773, "4": 0.6665424996889312, "5": 0.6722986220205736, "6": 0.6808421024931111, "7": 0.6909291084711646, "8": 0.6973258374581986, "9": 0.7011050099506736}, "2": {"0": 3.068679003567637e-07, "1": 0.20198060943445012, "2": 0.7396904659220428}, "3": {"0": 0.0, "1": 0.2029285389063274, "2": 0.2766368325030089, "3": 0.4721234607663793, "4": 0.6942283907402477, "5": 0.6989954230876123}, "4": {"0": 3.543405297532656e-07, "1": 0.2052236708269964, "2": 0.6369977088368601}, "5": {"0": 0.0, "1": 0.21095222859559537, "2": 0.4348060272119663, "3": 0.5297248314119232}, "6": {"0": 0.0, "1": 0.22316006471112781, "2": 0.4011963082714808, "3": 0.4180869564028417, "4": 0.5370531498955864, "5": 0.5386898159519222, "6": 0.5643761011610114, "7": 0.6554110945954896, "8": 0.6774271582955199}, "7": {"0": 0.0, "1": 0.23224219323379047, "2": 0.30700057762313376, "3": 0.38164491930390065, "4": 0.4012816083988874, "5": 0.4745341999161439, "6": 0.6240175911688102, "7": 0.6510039973168325, "8": 0.6734262413889689, "9": 0.6776000092680614, "10": 0.68113341989277}, "8": {"0": 3.068679003567637e-07, "1": 0.25974523983791786, "2": 0.6132380271229568}, "9": {"0": 1.771702648766328e-07, "1": 0.2448288521347653, "2": 0.2791613921326503, "3": 0.34944330830470893, "4": 0.3794701634287449, "5": 0.3999244865555777, "6": 0.41297278964229217, "7": 0.4438410754075565, "8": 0.45734923663078664, "9": 0.5358058765285734, "10": 0.6085908402153983, "11": 0.6643061779732549, "12": 0.6810876826771517, "13": 0.6896811708269553, "14": 0.7161801714589978, "15": 0.716337478949367, "16": 0.7164414038991178}, "10": {"0": 1.771702648766328e-07, "1": 0.2639797995622529, "2": 0.6022890516128785, "3": 0.6918805073212969}, "11": {"0": 0.0, "1": 0.2779853318557862, "2": 0.43245921564377315, "3": 0.5739597084728183, "4": 0.655142486902029}, "12": {"0": 1.2527829571888385e-07, "1": 0.27866280611211497, "2": 0.3058948325620494, "3": 0.3167122793252713, "4": 0.34294308562125175, "5": 0.34962668692423865, "6": 0.39192993237338114, "7": 0.43249060209124435, "8": 0.4561120259156362, "9": 0.5904664678947552}, "13": {"0": 0.0, "1": 0.2845883308403946, "2": 0.29138280990765436, "3": 0.7037530189158149, "4": 0.7207342968618626, "5": 0.7208584162040805, "6": 0.7469846367226767}, "14": {"0": 0.0, "1": 0.287795376594515, "2": 0.35908754638412493, "3": 0.59381862485999}}