{"0": {"0": 0.0, "1": 0.3403792793982793, "2": 0.34295549005870185, "3": 0.48858640970489225}, "1": {"0": 1.4177736643437863e-07, "1": 0.3563482264177549, "2": 0.5043136087244848, "3": 0.636124327324273}, "2": {"0": 1.0025173722451915e-07, "1": 0.39360578107247274, "2": 0.6493143138928111, "3": 0.701615259909971}, "3": {"0": 2.455656020276541e-07, "1": 0.4251435251210243, "2": 0.6796094235082929}, "4": {"0": 0.0, "1": 0.4281815333771304, "2": 0.7412764472670781}, "5": {"0": 0.0, "1": 0.4714406714976465, "2": 0.6431158963611671, "3": 0.6635745067959442, "4": 0.7425989730992767}, "6": {"0": 0.0, "1": 0.5137551989525421, "2": 0.72944280862261}, "7": {"0": 1.4177736643437863e-07, "1": 0.5600988821979968, "2": 0.5736487163907286}, "8": {"0": 0.0, "1": 0.5624404739709916, "2": 0.6780178164083965}, "9": {"0": 1.4177736643437863e-07, "1": 0.570464831658204, "2": 0.677389033977127, "3": 0.7401509128056711}, "10": {"0": 0.0, "1": 0.5917793828749652, "2": 0.6551452150420133, "3": 0.7109090157540586}}