{"0": {"0": 0.0, "1": 0.7052970226498446, "2": 0.7923588530752163}, "1": {"0": 0.0, "1": 0.6400082669582123, "2": 0.6659369560954383, "3": 0.6773627026458262, "4": 0.7559990222201358}, "2": {"0": 0.0, "1": 0.2779737315061127, "2": 0.3049118731644392, "3": 0.36687467107933125, "4": 0.37817993189917765, "5": 0.39488632120124245}, "3": {"0": 0.0, "1": 0.2975411521018144, "2": 0.6327408868925861, "3": 0.7791881907615639}, "4": {"0": 0.0, "1": 0.3411386754435823, "2": 0.49691948045457457, "3": 0.533837729298827, "4": 0.5678140433176051, "5": 0.5767828479408258, "6": 0.7065715458149366, "7": 0.777052338819723}, "5": {"0": 2.005034744490383e-07, "1": 0.3656940845379897, "2": 0.47741166050361467, "3": 0.5049641119568344, "4": 0.574882905437139, "5": 0.708282852838115, "6": 0.7774039918932147}, "6": {"0": 0.0, "1": 0.36956478636000706, "2": 0.47524623417695017, "3": 0.5080032290201476, "4": 0.5285223130428867, "5": 0.7019614982638871, "6": 0.7456043193275043}, "7": {"0": 2.005034744490383e-07, "1": 0.41443042999704666, "2": 0.5154418634047621, "3": 0.5385305773331299, "4": 0.5882186909706117, "5": 0.6169528291057852, "6": 0.6791040827617232, "7": 0.7275691989138157, "8": 0.7343949362907373, "9": 0.780524989641743, "10": 0.7900023091983251}, "8": {"0": 0.0, "1": 0.5825932954390927, "2": 0.7198115225919801}, "9": {"0": 0.0, "1": 0.631211627740599, "2": 0.674032031204164}, "10": {"0": 1.4177736643437863e-07, "1": 0.7235773247049796, "2": 0.7873635311023484}, "11": {"0": 0.0, "1": 0.7319434507490173, "2": 0.7535565876236164, "3": 0.7636910053724089, "4": 0.7826758901069053}}